{"cameraMode":{"drawMode":0,"name":"Shaded","section":"Shading Mode"},"sceneLighting":true,"audioPlay":false,"sceneViewState":{"m_AlwaysRefresh":false,"showFog":true,"showSkybox":true,"showFlares":true,"showImageEffects":true,"showParticleSystems":true,"showVisualEffectGraphs":true,"m_FxEnabled":false},"in2DMode":false,"pivot":{"x":-0.12154006958007813,"y":1.385812759399414,"z":0.13952898979187013},"rotation":{"x":0.1788148432970047,"y":-0.2264920026063919,"z":0.04234054684638977,"w":0.9565225839614868},"size":1.4648345708847047,"orthographic":false}